<?xml version="1.0" encoding="UTF-8"?>
<project-private xmlns="http://www.netbeans.org/ns/project-private/1">
    <editor-bookmarks xmlns="http://www.netbeans.org/ns/editor-bookmarks/2" lastBookmarkId="0"/>
    <open-files xmlns="http://www.netbeans.org/ns/projectui-open-files/2">
        <group>
            <file>file:/C:/Users/ELCOT/Desktop/Tumor_Bat/src/brain/ConvNet.java</file>
            <file>file:/C:/Users/ELCOT/Desktop/Tumor_Bat/src/brain/RegionGrowing.java</file>
            <file>file:/C:/Users/ELCOT/Desktop/Tumor_Bat/src/brain/FeatureMap.java</file>
            <file>file:/C:/Users/ELCOT/Desktop/Tumor_Bat/src/brain/Bias1.java</file>
            <file>file:/C:/Users/ELCOT/Desktop/Tumor_Bat/src/brain/Population.java</file>
            <file>file:/C:/Users/ELCOT/Desktop/Tumor_Bat/src/brain/Bat.java</file>
            <file>file:/C:/Users/ELCOT/Desktop/Tumor_Bat/src/brain/PixelInfo.java</file>
            <file>file:/C:/Users/ELCOT/Desktop/Tumor_Bat/src/brain/Details.java</file>
            <file>file:/C:/Users/ELCOT/Desktop/Tumor_Bat/src/brain/ImageInst.java</file>
            <file>file:/C:/Users/ELCOT/Desktop/Tumor_Bat/src/brain/PreprocessFrame.java</file>
            <file>file:/C:/Users/ELCOT/Desktop/Tumor_Bat/src/brain/ImageProcessingTask.java</file>
            <file>file:/C:/Users/ELCOT/Desktop/Tumor_Bat/src/brain/Display2.java</file>
            <file>file:/C:/Users/ELCOT/Desktop/Tumor_Bat/src/brain/Fitness.java</file>
            <file>file:/C:/Users/ELCOT/Desktop/Tumor_Bat/src/brain/PoolMap.java</file>
            <file>file:/C:/Users/ELCOT/Desktop/Tumor_Bat/src/brain/IterateImage1.java</file>
            <file>file:/C:/Users/ELCOT/Desktop/Tumor_Bat/src/brain/MainFrame.java</file>
            <file>file:/C:/Users/ELCOT/Desktop/Tumor_Bat/src/brain/Imageset.java</file>
            <file>file:/C:/Users/ELCOT/Desktop/Tumor_Bat/src/brain/PulseEmission.java</file>
            <file>file:/C:/Users/ELCOT/Desktop/Tumor_Bat/src/brain/Main.java</file>
            <file>file:/C:/Users/ELCOT/Desktop/Tumor_Bat/src/brain/Frequencylayer.java</file>
            <file>file:/C:/Users/ELCOT/Desktop/Tumor_Bat/src/brain/Display1.java</file>
        </group>
    </open-files>
</project-private>
